id;booking;personal_number
1;2021-06-10T01:15:40;Pants De-engineered;0;entrance
2;2021-06-09T18:23:25;static;0;entrance
3;2021-06-09T14:56:58;evolve;0;entrance
4;2021-06-10T04:49:33;portals orchid;0;entrance
5;2021-06-09T11:52:19;interface JBOD synergize;0;entrance
6;2021-06-09T18:19:24;withdrawal models;0;entrance
7;2021-06-09T14:29:54;Balanced deposit Borders;0;entrance
8;2021-06-10T01:15:30;Specialist;0;entrance
9;2021-06-10T02:21:25;Mouse;0;entrance
10;2021-06-09T08:20:00;Dollar e-markets green;0;entrance
